id,n,tval,preds,R2,yi,vi
Abu-Bader (2000),218,4.61,4,0.24,0.301202921,0.003863478
Cole et al. (2004),232,6.19,7,0.455,0.382188993,0.003240885
Wallach & Mueller (2006),156,4.07,6,0.5,0.316308071,0.00539939
Weaver et al. (2007),382,-0.77,19,0.327,-0.0404372,0.002745819
Acker (2004),259,1.16,15,0.117,0.074208854,0.004053346